id,department_name,manager_name,manager_email
1,Marketing,Gardy Venton,gventon0@biglobe.ne.jp
2,Product Management,Gypsy Robb,grobb1@google.pl
3,Product Management,Hastings Girardot,hgirardot2@zdnet.com
4,Legal,Dyna Rallin,drallin3@hubpages.com
5,Training,Karolina Hayhurst,khayhurst4@360.cn
6,Engineering,Anatol Goutcher,agoutcher5@nsw.gov.au
7,Support,Ashleigh Callam,acallam6@imdb.com
8,Accounting,Yorker Dowle,ydowle7@elpais.com
9,Accounting,Vale Lilbourne,vlilbourne8@jalbum.net
10,Product Management,Reeba Haggerstone,rhaggerstone9@tripod.com
11,Training,Cari Lyle,clylea@comcast.net
12,Services,Alina Soro,asorob@census.gov
13,Accounting,Henrik Count,hcountc@tumblr.com
14,Business Development,Ralph Labbez,rlabbezd@unblog.fr
15,Sales,Pincas Newvill,pnewville@infoseek.co.jp
16,Support,Axel McFater,amcfaterf@seattletimes.com
17,Support,Lorita Wylder,lwylderg@ibm.com
18,Support,Celine Conelly,cconellyh@google.co.uk
19,Training,Bertine Leatherborrow,bleatherborrowi@printfriendly.com
20,Sales,Billie Stalman,bstalmanj@google.es
21,Marketing,Darcee Orwin,dorwink@yahoo.com
22,Support,Normie Adie,nadiel@tripod.com
23,Research and Development,Antonietta Steinhammer,asteinhammerm@foxnews.com
24,Research and Development,Delainey Kennsley,dkennsleyn@ehow.com
25,Accounting,Kingsly Civitillo,kcivitilloo@tuttocitta.it
26,Legal,Denise Blucher,dblucherp@cam.ac.uk
27,Human Resources,Darrell Andrieu,dandrieuq@jalbum.net
28,Engineering,Thurstan Bendle,tbendler@bluehost.com
29,Legal,Eleni Collcott,ecollcotts@parallels.com
30,Services,Rhona Ousby,rousbyt@dmoz.org
31,Engineering,Raphaela Peirpoint,rpeirpointu@jalbum.net
32,Business Development,Jillayne Tunnock,jtunnockv@symantec.com
33,Marketing,Remington Oldaker,roldakerw@wisc.edu
34,Support,Sherm Knapp,sknappx@forbes.com
35,Business Development,Roman Nares,rnaresy@amazon.com
36,Human Resources,Merlina Medendorp,mmedendorpz@shop-pro.jp
37,Sales,Hermione Jopke,hjopke10@ucsd.edu
38,Human Resources,Agna Scroggie,ascroggie11@hostgator.com
39,Legal,Rosamund Follett,rfollett12@guardian.co.uk
40,Human Resources,Jamie Beteriss,jbeteriss13@bigcartel.com
41,Training,Bernardine Beardshall,bbeardshall14@discovery.com
42,Marketing,Avrom Toone,atoone15@accuweather.com
43,Human Resources,Lucias O'Hagan,lohagan16@princeton.edu
44,Research and Development,Everett Shambrook,eshambrook17@usatoday.com
45,Research and Development,Randolf Arpur,rarpur18@cdc.gov
46,Services,Ferguson Gorrick,fgorrick19@sphinn.com
47,Services,Natalina Forber,nforber1a@google.com
48,Human Resources,Emmalynn Bim,ebim1b@chicagotribune.com
49,Accounting,Minor Spellacey,mspellacey1c@youtube.com
50,Research and Development,Tony Gilbane,tgilbane1d@youtube.com
51,Marketing,Dorotea Bryning,dbryning1e@booking.com
52,Support,Sansone D'Elias,sdelias1f@indiegogo.com
53,Marketing,Terrence Cromblehome,tcromblehome1g@bizjournals.com
54,Training,Lemmy Budgen,lbudgen1h@miibeian.gov.cn
55,Product Management,Sidney Vanichkin,svanichkin1i@gnu.org
56,Services,Bette Antunes,bantunes1j@reuters.com
57,Legal,Benjy Leafe,bleafe1k@ucsd.edu
58,Engineering,Ainslie Drewry,adrewry1l@163.com
59,Marketing,Earl Kaesmakers,ekaesmakers1m@oakley.com
60,Research and Development,Sela Dearden,sdearden1n@delicious.com
61,Support,Kati Macknish,kmacknish1o@discovery.com
62,Marketing,Edan Jockle,ejockle1p@yale.edu
63,Business Development,Xaviera Strettle,xstrettle1q@independent.co.uk
64,Services,Maxy Hoofe,mhoofe1r@wikimedia.org
65,Training,Stephine Fransemai,sfransemai1s@slate.com
66,Legal,Tessy Rowell,trowell1t@reddit.com
67,Legal,Rik Kilbourne,rkilbourne1u@altervista.org
68,Sales,Ariana Eich,aeich1v@mozilla.org
69,Legal,Melvyn Semper,msemper1w@quantcast.com
70,Services,Wallis Caldwell,wcaldwell1x@senate.gov
71,Legal,Alejandrina Siaskowski,asiaskowski1y@studiopress.com
72,Research and Development,Caryl Balffye,cbalffye1z@ft.com
73,Research and Development,Trudie Bamlet,tbamlet20@netlog.com
74,Support,Alard Dykes,adykes21@businessweek.com
75,Support,Perkin Mackieson,pmackieson22@abc.net.au
76,Sales,Mikaela Padillo,mpadillo23@jimdo.com
77,Legal,Irma Maylour,imaylour24@ucoz.com
78,Product Management,Arnoldo Cockburn,acockburn25@imageshack.us
79,Research and Development,Arv Tanfield,atanfield26@slate.com
80,Human Resources,Leanor McLevie,lmclevie27@edublogs.org
81,Services,Imojean Silbermann,isilbermann28@parallels.com
82,Accounting,Mavis Wiskar,mwiskar29@acquirethisname.com
83,Business Development,Pearline Sillett,psillett2a@friendfeed.com
84,Services,Sophronia Shawcroft,sshawcroft2b@adobe.com
85,Support,Zacharias Divver,zdivver2c@upenn.edu
86,Services,Hazel Casterton,hcasterton2d@simplemachines.org
87,Sales,Romain Wells,rwells2e@gravatar.com
88,Support,Emmalynne Tapscott,etapscott2f@weather.com
89,Product Management,Kyle Gwynn,kgwynn2g@ox.ac.uk
90,Engineering,Spence Isherwood,sisherwood2h@dedecms.com
91,Support,Jessie Beecraft,jbeecraft2i@vkontakte.ru
92,Business Development,Gallagher Perkis,gperkis2j@merriam-webster.com
93,Research and Development,Ferguson Farquarson,ffarquarson2k@clickbank.net
94,Training,Tallie Nares,tnares2l@ezinearticles.com
95,Accounting,Kent Gaskill,kgaskill2m@nbcnews.com
96,Human Resources,Nickola Plomer,nplomer2n@wikispaces.com
97,Legal,Keefer Brownfield,kbrownfield2o@nytimes.com
98,Legal,Genna Cardenas,gcardenas2p@indiatimes.com
99,Marketing,Dori Hagwood,dhagwood2q@google.fr
100,Legal,Bertie Wilber,bwilber2r@disqus.com
101,Services,Brandon MacGillespie,bmacgillespie2s@blogspot.com
102,Sales,Yvette Hankins,yhankins2t@themeforest.net
103,Legal,Flossie Yukhnevich,fyukhnevich2u@reference.com
104,Services,Kendall Gocke,kgocke2v@psu.edu
105,Research and Development,Amos Davydzenko,adavydzenko2w@upenn.edu
106,Engineering,Shelden Frampton,sframpton2x@irs.gov
107,Business Development,Griswold Rain,grain2y@wunderground.com
108,Sales,Dorian Rogeon,drogeon2z@about.me
109,Support,Vilhelmina Whitlaw,vwhitlaw30@answers.com
110,Accounting,Phillie Janusz,pjanusz31@istockphoto.com
111,Training,Sharon Horbart,shorbart32@archive.org
112,Support,Abran Eidler,aeidler33@irs.gov
113,Marketing,Zedekiah Densham,zdensham34@nps.gov
114,Research and Development,Matelda Buzek,mbuzek35@etsy.com
115,Marketing,Carita Wyllcock,cwyllcock36@gmpg.org
116,Marketing,Phaedra Yellowlees,pyellowlees37@cnet.com
117,Training,Rik Sapena,rsapena38@opensource.org
118,Human Resources,Duke Ranscomb,dranscomb39@github.com
119,Support,Ambrosio Hailston,ahailston3a@aboutads.info
120,Support,Kania Pumfrey,kpumfrey3b@nasa.gov
121,Human Resources,Godfrey Clavey,gclavey3c@wisc.edu
122,Human Resources,Leila Barkhouse,lbarkhouse3d@jimdo.com
123,Training,Camel Usborn,cusborn3e@foxnews.com
124,Training,Marvin Everett,meverett3f@networksolutions.com
125,Product Management,Nappie Quainton,nquainton3g@networksolutions.com
126,Legal,Berne Cleminshaw,bcleminshaw3h@google.com.au
127,Accounting,Fionnula Hoodless,fhoodless3i@umich.edu
128,Training,Amabelle Ede,aede3j@wikipedia.org
129,Accounting,Araldo MacKomb,amackomb3k@squarespace.com
130,Accounting,Jaime Rosenqvist,jrosenqvist3l@moonfruit.com
131,Accounting,Drusie Phillp,dphillp3m@google.pl
132,Sales,Worden Branscomb,wbranscomb3n@meetup.com
133,Training,Marshal Keward,mkeward3o@spiegel.de
134,Accounting,Jammie Palluschek,jpalluschek3p@chronoengine.com
135,Engineering,Homere Plumbe,hplumbe3q@msu.edu
136,Research and Development,Gearard Linstead,glinstead3r@dagondesign.com
137,Research and Development,Sybilla Schrader,sschrader3s@seesaa.net
138,Human Resources,Car Sandiford,csandiford3t@dot.gov
139,Accounting,Marget Portwaine,mportwaine3u@ucoz.com
140,Research and Development,Gardie Bonefant,gbonefant3v@accuweather.com
141,Legal,Pooh Gilburt,pgilburt3w@google.es
142,Sales,Free Lohering,flohering3x@slate.com
143,Product Management,Cherin Demare,cdemare3y@webmd.com
144,Engineering,Donnamarie Ivanchenkov,divanchenkov3z@nationalgeographic.com
145,Support,Wyatt Terzi,wterzi40@toplist.cz
146,Human Resources,Flemming Mallord,fmallord41@de.vu
147,Research and Development,Janette Pendle,jpendle42@yellowbook.com
148,Services,Kacey Robuchon,krobuchon43@addthis.com
149,Business Development,Lorri Michallat,lmichallat44@npr.org
150,Human Resources,Grete Leggat,gleggat45@cdc.gov
151,Training,Iolanthe Francisco,ifrancisco46@ovh.net
152,Marketing,Charmion Takkos,ctakkos47@infoseek.co.jp
153,Human Resources,Marybelle Plampin,mplampin48@princeton.edu
154,Services,Gwenora Cawthra,gcawthra49@apache.org
155,Support,Barny Woodlands,bwoodlands4a@freewebs.com
156,Accounting,Britt Brayshaw,bbrayshaw4b@cornell.edu
157,Marketing,Alexander Maymand,amaymand4c@xrea.com
158,Engineering,Jenn Stirley,jstirley4d@blogs.com
159,Research and Development,Elysia Halso,ehalso4e@umich.edu
160,Accounting,Felicdad Shyres,fshyres4f@bloomberg.com
161,Services,Freda Shetliff,fshetliff4g@prlog.org
162,Human Resources,Rafi Ewings,rewings4h@example.com
163,Engineering,Martin Valenti,mvalenti4i@stumbleupon.com
164,Marketing,Valera Capel,vcapel4j@ocn.ne.jp
165,Research and Development,Padraic Morson,pmorson4k@disqus.com
166,Business Development,Tito O' Mahony,to4l@statcounter.com
167,Sales,Yancy Baudinot,ybaudinot4m@harvard.edu
168,Marketing,Ethel MacCaull,emaccaull4n@list-manage.com
169,Sales,Garrot Hulance,ghulance4o@sun.com
170,Services,Wilona Huddlestone,whuddlestone4p@google.nl
171,Services,Daryl Hubbins,dhubbins4q@arizona.edu
172,Business Development,Audi Wyles,awyles4r@unblog.fr
173,Accounting,Genevieve Gauvin,ggauvin4s@usgs.gov
174,Support,Jocelyne Tremblet,jtremblet4t@wp.com
175,Research and Development,Clarinda Orgee,corgee4u@sakura.ne.jp
176,Human Resources,Kip Paulon,kpaulon4v@hud.gov
177,Legal,Shaw Langeren,slangeren4w@java.com
178,Services,Rolando Grimley,rgrimley4x@vkontakte.ru
179,Sales,Adora Crossfield,acrossfield4y@google.es
180,Training,Tadeo Tierney,ttierney4z@bizjournals.com
181,Training,Sydney Huskisson,shuskisson50@oracle.com
182,Sales,Inge Fellenor,ifellenor51@craigslist.org
183,Human Resources,Vergil Aspinwall,vaspinwall52@economist.com
184,Services,Jamison MacSweeney,jmacsweeney53@chron.com
185,Engineering,Bessie Othen,bothen54@illinois.edu
186,Research and Development,Beau Furzer,bfurzer55@smugmug.com
187,Product Management,Chip Brake,cbrake56@xrea.com
188,Support,Heinrik Van Castele,hvan57@mit.edu
189,Business Development,Tess Vogelein,tvogelein58@eepurl.com
190,Research and Development,Jillayne Anscott,janscott59@phoca.cz
191,Research and Development,Karlen Ruggiero,kruggiero5a@surveymonkey.com
192,Legal,Patrice Readett,preadett5b@youtu.be
193,Legal,Arthur Rue,arue5c@furl.net
194,Training,Bram Cotelard,bcotelard5d@sogou.com
195,Sales,Lonna Steinhammer,lsteinhammer5e@bigcartel.com
196,Human Resources,Noella Caret,ncaret5f@mtv.com
197,Research and Development,Trenton Fearnside,tfearnside5g@reverbnation.com
198,Human Resources,Liuka Lawless,llawless5h@seesaa.net
199,Marketing,Isac Goodred,igoodred5i@columbia.edu
200,Sales,Eileen Minister,eminister5j@archive.org
201,Accounting,Paige Malimoe,pmalimoe5k@army.mil
202,Business Development,Suzann Packman,spackman5l@tinyurl.com
203,Support,Miof mela Burbudge,mmela5m@ed.gov
204,Legal,Marina Incogna,mincogna5n@illinois.edu
205,Human Resources,Silvana Gwyllt,sgwyllt5o@163.com
206,Accounting,Ara Kennelly,akennelly5p@xinhuanet.com
207,Human Resources,Lyn Nolda,lnolda5q@prweb.com
208,Training,Davon Larroway,dlarroway5r@constantcontact.com
209,Accounting,Yasmeen Fabri,yfabri5s@shutterfly.com
210,Marketing,Elfrida Romushkin,eromushkin5t@canalblog.com
211,Research and Development,Boycey Oattes,boattes5u@nasa.gov
212,Accounting,Loise O'Mannion,lomannion5v@businessweek.com
213,Business Development,Angel Drewitt,adrewitt5w@cdbaby.com
214,Support,Daphene Redan,dredan5x@51.la
215,Engineering,Janice Lartice,jlartice5y@cbc.ca
216,Legal,Nicola Gwillym,ngwillym5z@biglobe.ne.jp
217,Support,Darb Mioni,dmioni60@cbslocal.com
218,Engineering,Pacorro Kenninghan,pkenninghan61@miitbeian.gov.cn
219,Accounting,Vasili Verrico,vverrico62@chronoengine.com
220,Sales,Coralie Gaiger,cgaiger63@behance.net
221,Human Resources,Cecilio Crooks,ccrooks64@csmonitor.com
222,Human Resources,Elenore Dudny,edudny65@blog.com
223,Business Development,Meggy Finley,mfinley66@craigslist.org
224,Accounting,Dasie Benedetti,dbenedetti67@dion.ne.jp
225,Support,Livvyy Rudolph,lrudolph68@smh.com.au
226,Human Resources,Maighdiln Etheridge,metheridge69@latimes.com
227,Sales,Deny Matieu,dmatieu6a@upenn.edu
228,Product Management,Cathy Philbin,cphilbin6b@networksolutions.com
229,Engineering,Grethel Sends,gsends6c@adobe.com
230,Product Management,Ashli Koenraad,akoenraad6d@nps.gov
231,Business Development,Leona Ind,lind6e@reverbnation.com
232,Engineering,Hadley Gullam,hgullam6f@guardian.co.uk
233,Sales,Kata Broadey,kbroadey6g@histats.com
234,Sales,Christoffer Wethers,cwethers6h@bloglines.com
235,Human Resources,Lucilia Whacket,lwhacket6i@weebly.com
236,Research and Development,Pamelina Hassekl,phassekl6j@plala.or.jp
237,Services,Jake O'Dunniom,jodunniom6k@cisco.com
238,Accounting,Madonna Klimowicz,mklimowicz6l@jigsy.com
239,Sales,Valera Cuesta,vcuesta6m@51.la
240,Business Development,Mord Charteris,mcharteris6n@smugmug.com
241,Training,Babara Marsy,bmarsy6o@ezinearticles.com
242,Training,Jacobo Gherardesci,jgherardesci6p@so-net.ne.jp
243,Human Resources,Sanford Rate,srate6q@newsvine.com
244,Legal,Kristofer Tedman,ktedman6r@hatena.ne.jp
245,Legal,Alli Gerrett,agerrett6s@behance.net
246,Human Resources,Bern Falshaw,bfalshaw6t@dropbox.com
247,Human Resources,Loise Backwell,lbackwell6u@fotki.com
248,Accounting,Lib Snowling,lsnowling6v@com.com
249,Engineering,Cherilynn Martynka,cmartynka6w@skyrock.com
250,Sales,Reyna Buckeridge,rbuckeridge6x@prweb.com
251,Business Development,Nonnah Duham,nduham6y@themeforest.net
252,Accounting,Leola Neller,lneller6z@nymag.com
253,Services,Cyrille Freeman,cfreeman70@opensource.org
254,Research and Development,Eberto Folliott,efolliott71@baidu.com
255,Accounting,Henriette Dmitriev,hdmitriev72@harvard.edu
256,Training,Lane Cardew,lcardew73@msu.edu
257,Engineering,Morganica Dixon,mdixon74@statcounter.com
258,Legal,Raffarty Kerne,rkerne75@google.com.hk
259,Marketing,Brear Larderot,blarderot76@blinklist.com
260,Training,Sophia Cristofor,scristofor77@1und1.de
261,Sales,Eustace Pollins,epollins78@java.com
262,Product Management,Ethelin Trowsdale,etrowsdale79@newsvine.com
263,Training,Hermann Solloway,hsolloway7a@phoca.cz
264,Support,Robby Lygoe,rlygoe7b@blogger.com
265,Marketing,Megen Cathersides,mcathersides7c@edublogs.org
266,Sales,Ceil Caudelier,ccaudelier7d@bloglines.com
267,Product Management,Bone Orrobin,borrobin7e@cbc.ca
268,Marketing,Travus Nottingham,tnottingham7f@bluehost.com
269,Training,Helge Titterell,htitterell7g@businessweek.com
270,Accounting,Ann-marie Surcombe,asurcombe7h@wiley.com
271,Business Development,Jerald Pestor,jpestor7i@cdc.gov
272,Human Resources,Blisse Briskey,bbriskey7j@t-online.de
273,Research and Development,Blondell Garaghan,bgaraghan7k@zimbio.com
274,Training,Jacquie Escalera,jescalera7l@people.com.cn
275,Support,Darcy Dumbrall,ddumbrall7m@cmu.edu
276,Business Development,Emmit Easun,eeasun7n@ihg.com
277,Engineering,Tedd Petticrew,tpetticrew7o@privacy.gov.au
278,Support,Dede Conradsen,dconradsen7p@wufoo.com
279,Engineering,Mace Clows,mclows7q@infoseek.co.jp
280,Product Management,Constantia McElroy,cmcelroy7r@360.cn
281,Accounting,Sansone Gudahy,sgudahy7s@boston.com
282,Services,Tersina Stolli,tstolli7t@pen.io
283,Legal,Emylee Sheara,esheara7u@hubpages.com
284,Sales,Perri Kaesmans,pkaesmans7v@unesco.org
285,Engineering,Ignazio Griggs,igriggs7w@addthis.com
286,Accounting,Maddie Oliphand,moliphand7x@blogs.com
287,Research and Development,Elsbeth Vann,evann7y@who.int
288,Legal,Latashia Walewski,lwalewski7z@ebay.com
289,Training,Wilhelmine Matyushenko,wmatyushenko80@independent.co.uk
290,Research and Development,Vinni Alves,valves81@php.net
291,Human Resources,Dom Subhan,dsubhan82@cnn.com
292,Training,Norby Epton,nepton83@salon.com
293,Business Development,Allan Oguz,aoguz84@yale.edu
294,Accounting,Marjorie Pedri,mpedri85@sakura.ne.jp
295,Training,Miran Lieb,mlieb86@yahoo.co.jp
296,Business Development,Whit Maffulli,wmaffulli87@mail.ru
297,Engineering,Barbi Simmill,bsimmill88@spotify.com
298,Services,Gothart Gason,ggason89@yellowbook.com
299,Human Resources,Anny McGuffog,amcguffog8a@berkeley.edu
300,Human Resources,Charmain St Leger,cst8b@hp.com
301,Business Development,Julienne Biddle,jbiddle8c@usa.gov
302,Accounting,Son Stoggles,sstoggles8d@skype.com
303,Product Management,Valerye Ardron,vardron8e@addthis.com
304,Marketing,Mariam Pearman,mpearman8f@hubpages.com
305,Engineering,Sanders Thaxter,sthaxter8g@over-blog.com
306,Business Development,Harriet Willingham,hwillingham8h@illinois.edu
307,Marketing,Sauveur Govett,sgovett8i@soundcloud.com
308,Marketing,Berna Veness,bveness8j@miibeian.gov.cn
309,Business Development,Rory Atkins,ratkins8k@bandcamp.com
310,Human Resources,Luelle Crompton,lcrompton8l@house.gov
311,Marketing,Jamey Topham,jtopham8m@biblegateway.com
312,Training,Roselle Orum,rorum8n@eepurl.com
313,Accounting,Pancho Tumini,ptumini8o@oakley.com
314,Product Management,Halimeda Hurl,hhurl8p@google.nl
315,Product Management,Vinnie Zannotelli,vzannotelli8q@instagram.com
316,Legal,Junie Rutigliano,jrutigliano8r@furl.net
317,Human Resources,Randall Newitt,rnewitt8s@weather.com
318,Product Management,Borg Fearne,bfearne8t@jiathis.com
319,Research and Development,Brier A'Barrow,babarrow8u@weibo.com
320,Legal,Van Goter,vgoter8v@illinois.edu
321,Research and Development,Ruy Allred,rallred8w@oakley.com
322,Sales,Selinda Maber,smaber8x@va.gov
323,Sales,Lacey Carter,lcarter8y@ameblo.jp
324,Research and Development,Albertine Potteridge,apotteridge8z@ameblo.jp
325,Marketing,Bary Privett,bprivett90@flavors.me
326,Services,Abbey De Gregoli,ade91@ow.ly
327,Product Management,Sonni Ottewell,sottewell92@cyberchimps.com
328,Legal,Jessee Cazereau,jcazereau93@woothemes.com
329,Training,Betteanne Border,bborder94@barnesandnoble.com
330,Training,Mickie Cockson,mcockson95@columbia.edu
331,Engineering,Julian Sedgwick,jsedgwick96@yelp.com
332,Human Resources,Tye Palatini,tpalatini97@rambler.ru
333,Support,Alysia Fishpoole,afishpoole98@weather.com
334,Marketing,Reese Antonomoli,rantonomoli99@pagesperso-orange.fr
335,Legal,Hynda Pfaffe,hpfaffe9a@cloudflare.com
336,Services,Claiborne Klesse,cklesse9b@craigslist.org
337,Sales,Lisetta Livzey,llivzey9c@istockphoto.com
338,Support,Karalynn Cumbridge,kcumbridge9d@mediafire.com
339,Services,Carmita Hoofe,choofe9e@whitehouse.gov
340,Accounting,Carmen Peggrem,cpeggrem9f@bloomberg.com
341,Legal,Roselle Livingston,rlivingston9g@shinystat.com
342,Support,Bevin Stampfer,bstampfer9h@bigcartel.com
343,Human Resources,Basilio Sline,bsline9i@symantec.com
344,Engineering,Arlana Sabatier,asabatier9j@xinhuanet.com
345,Accounting,Letisha Blanchet,lblanchet9k@engadget.com
346,Research and Development,Lyon Schumacher,lschumacher9l@dailymotion.com
347,Human Resources,Henrieta O'Brogane,hobrogane9m@techcrunch.com
348,Marketing,Garreth Breslin,gbreslin9n@webs.com
349,Research and Development,Rem Chiverstone,rchiverstone9o@upenn.edu
350,Marketing,Chadwick Melly,cmelly9p@discuz.net
351,Sales,Salvidor Middis,smiddis9q@cam.ac.uk
352,Business Development,Morie Churchley,mchurchley9r@pinterest.com
353,Product Management,Oberon Scantlebury,oscantlebury9s@youtu.be
354,Product Management,Joela Turfrey,jturfrey9t@businesswire.com
355,Marketing,Claudia Ganning,cganning9u@lycos.com
356,Product Management,Franchot Breston,fbreston9v@opera.com
357,Training,Glad Ort,gort9w@buzzfeed.com
358,Accounting,Monah Petto,mpetto9x@vkontakte.ru
359,Engineering,Iormina Dyble,idyble9y@pen.io
360,Business Development,Darnall Scryne,dscryne9z@senate.gov
361,Engineering,Delila Gosney,dgosneya0@fotki.com
362,Accounting,Clair Batchelar,cbatchelara1@google.pl
363,Support,Thain Caffrey,tcaffreya2@usda.gov
364,Services,Ali Gulvin,agulvina3@miibeian.gov.cn
365,Marketing,Xylina Loyd,xloyda4@infoseek.co.jp
366,Human Resources,Lucinda Duetsche,lduetschea5@time.com
367,Training,Pietrek Keeler,pkeelera6@ycombinator.com
368,Engineering,Natasha Vassay,nvassaya7@foxnews.com
369,Legal,Daren Lanfear,dlanfeara8@weebly.com
370,Services,Blanca Abate,babatea9@g.co
371,Training,Jacklin Cahill,jcahillaa@amazon.co.uk
372,Business Development,Noelle McFayden,nmcfaydenab@indiatimes.com
373,Engineering,Brnaba Hryncewicz,bhryncewiczac@huffingtonpost.com
374,Services,Juliette Clawson,jclawsonad@ted.com
375,Business Development,Bil Kineton,bkinetonae@e-recht24.de
376,Research and Development,Natty Clear,nclearaf@cpanel.net
377,Marketing,Karola Sandercock,ksandercockag@spotify.com
378,Sales,Ashley Manie,amanieah@apache.org
379,Engineering,Ayn McCowen,amccowenai@scribd.com
380,Human Resources,Calvin Muggeridge,cmuggeridgeaj@webmd.com
381,Support,Ruthie Exton,rextonak@nymag.com
382,Marketing,Even Christofor,echristoforal@eventbrite.com
383,Training,Nelle Jull,njullam@washington.edu
384,Marketing,Inessa Viggars,iviggarsan@ucla.edu
385,Legal,Jehanna Whale,jwhaleao@xing.com
386,Services,Annaliese Dye,adyeap@ucsd.edu
387,Business Development,Regen Ussher,russheraq@huffingtonpost.com
388,Accounting,Kattie Yanin,kyaninar@shinystat.com
389,Product Management,Mead Bagger,mbaggeras@mysql.com
390,Marketing,Pinchas MacAlpyne,pmacalpyneat@wordpress.org
391,Business Development,Aila Glavis,aglavisau@storify.com
392,Support,Hadley Pinchin,hpinchinav@arstechnica.com
393,Accounting,Zenia Fligg,zfliggaw@netlog.com
394,Research and Development,Lin Gilardoni,lgilardoniax@ft.com
395,Accounting,Klarika McIlenna,kmcilennaay@usatoday.com
396,Training,Hakim Kimmel,hkimmelaz@nba.com
397,Sales,Ellswerth Tant,etantb0@smugmug.com
398,Engineering,Joy Bugg,jbuggb1@opensource.org
399,Training,Shepperd Boarder,sboarderb2@quantcast.com
400,Research and Development,Aloisia Demcak,ademcakb3@cbc.ca
401,Services,Skye Waldrum,swaldrumb4@slideshare.net
402,Business Development,Antony Blenkhorn,ablenkhornb5@smugmug.com
403,Marketing,Muhammad Di Nisco,mdib6@smugmug.com
404,Support,Binni Forsdike,bforsdikeb7@home.pl
405,Business Development,Torey Cattanach,tcattanachb8@yahoo.co.jp
406,Human Resources,Jessy Sallis,jsallisb9@nba.com
407,Business Development,Rosabella Desvignes,rdesvignesba@rediff.com
408,Research and Development,Sharleen Wadham,swadhambb@skype.com
409,Support,Amie Paudin,apaudinbc@examiner.com
410,Services,Trenna Clout,tcloutbd@tiny.cc
411,Accounting,Bernita Cumbridge,bcumbridgebe@desdev.cn
412,Accounting,Tripp Cruikshanks,tcruikshanksbf@thetimes.co.uk
413,Training,Jackie Eneas,jeneasbg@studiopress.com
414,Legal,Cece Selwyn,cselwynbh@microsoft.com
415,Training,Ernaline Castell,ecastellbi@hhs.gov
416,Services,Edward De Atta,edebj@google.com.hk
417,Sales,Lenette Akett,lakettbk@usgs.gov
418,Research and Development,Margarethe Behneke,mbehnekebl@furl.net
419,Accounting,Leland Bineham,lbinehambm@biblegateway.com
420,Human Resources,Mehetabel Lutsch,mlutschbn@answers.com
421,Accounting,Candra Bendley,cbendleybo@simplemachines.org
422,Human Resources,Shoshana Herrero,sherrerobp@amazon.co.uk
423,Accounting,Theodore Renoden,trenodenbq@oakley.com
424,Accounting,Chandal Antonetti,cantonettibr@kickstarter.com
425,Services,Elbertina Autie,eautiebs@joomla.org
426,Training,Rakel Bedome,rbedomebt@wikipedia.org
427,Product Management,Leanna Dymick,ldymickbu@creativecommons.org
428,Business Development,Ernst Clyne,eclynebv@ustream.tv
429,Sales,Chryste Colls,ccollsbw@themeforest.net
430,Support,Kippie Alessandretti,kalessandrettibx@123-reg.co.uk
431,Product Management,Waldemar McKearnen,wmckearnenby@berkeley.edu
432,Product Management,Barnie Balshaw,bbalshawbz@angelfire.com
433,Sales,Tiphanie Broinlich,tbroinlichc0@state.tx.us
434,Accounting,Alie Coggins,acogginsc1@wsj.com
435,Accounting,Beatrix McCool,bmccoolc2@webeden.co.uk
436,Engineering,Janela Martinello,jmartinelloc3@wikimedia.org
437,Business Development,Jessamine Josuweit,jjosuweitc4@yandex.ru
438,Human Resources,Renato Scotchmoor,rscotchmoorc5@ucsd.edu
439,Legal,Eilis Wartonby,ewartonbyc6@tmall.com
440,Services,Eldridge Deschlein,edeschleinc7@accuweather.com
441,Engineering,Flory Haugeh,fhaugehc8@storify.com
442,Marketing,Sindee Sebley,ssebleyc9@ucla.edu
443,Marketing,Torin Le Fevre,tleca@nbcnews.com
444,Product Management,Rea McAlinion,rmcalinioncb@reference.com
445,Human Resources,Fina Going,fgoingcc@so-net.ne.jp
446,Research and Development,Marilyn MacRonald,mmacronaldcd@hhs.gov
447,Support,Ly Cyson,lcysonce@dion.ne.jp
448,Product Management,Eloise Durie,eduriecf@nba.com
449,Engineering,Stillman Edmons,sedmonscg@sitemeter.com
450,Training,Tuck Clayden,tclaydench@census.gov
451,Support,Ernesta Hasley,ehasleyci@ebay.com
452,Services,Melina Limrick,mlimrickcj@ask.com
453,Accounting,Marsha Bridewell,mbridewellck@simplemachines.org
454,Business Development,Cahra Megarry,cmegarrycl@about.com
455,Support,Norbert Stobbs,nstobbscm@imageshack.us
456,Marketing,Mira Sorrell,msorrellcn@qq.com
457,Services,Danila Congram,dcongramco@harvard.edu
458,Sales,Katleen Muffin,kmuffincp@rambler.ru
459,Marketing,Prentice Iddiens,piddienscq@google.nl
460,Sales,Brita Talboy,btalboycr@free.fr
461,Business Development,Lynne Eldershaw,leldershawcs@bbc.co.uk
462,Accounting,Madonna Mettricke,mmettrickect@canalblog.com
463,Research and Development,Paulette Boutellier,pboutelliercu@shutterfly.com
464,Training,Rosco Murrells,rmurrellscv@redcross.org
465,Product Management,Antonius Kubicki,akubickicw@opensource.org
466,Marketing,Ody Ansill,oansillcx@google.com.hk
467,Human Resources,Moselle Outibridge,moutibridgecy@unesco.org
468,Business Development,Oralie Hicks,ohickscz@seattletimes.com
469,Research and Development,Kathryn McCreadie,kmccreadied0@pcworld.com
470,Support,Elayne Dearlove,edearloved1@wordpress.com
471,Business Development,Ianthe Alfuso,ialfusod2@si.edu
472,Training,Raynor Chavey,rchaveyd3@networksolutions.com
473,Research and Development,Michel Linturn,mlinturnd4@paypal.com
474,Support,Prent Skirling,pskirlingd5@nationalgeographic.com
475,Support,Jeffrey Brecknock,jbrecknockd6@ihg.com
476,Legal,Ruy Beharrell,rbeharrelld7@nifty.com
477,Services,Pail Gainor,pgainord8@deviantart.com
478,Business Development,Clerc Drife,cdrifed9@fc2.com
479,Product Management,Granger Sollas,gsollasda@telegraph.co.uk
480,Training,Karita Wrixon,kwrixondb@paypal.com
481,Services,Arlene Freeburn,afreeburndc@ameblo.jp
482,Product Management,Lorettalorna Feldbau,lfeldbaudd@1und1.de
483,Human Resources,Michaeline Tipler,mtiplerde@marriott.com
484,Accounting,Ferrell Edscer,fedscerdf@netlog.com
485,Product Management,Lek Rocks,lrocksdg@flickr.com
486,Human Resources,Clemmy Hartzog,chartzogdh@elpais.com
487,Legal,Derk Lehrer,dlehrerdi@hugedomains.com
488,Product Management,Orsa Polo,opolodj@tinypic.com
489,Human Resources,Alessandra Joutapaitis,ajoutapaitisdk@wufoo.com
490,Engineering,Aubry Frere,afreredl@wikipedia.org
491,Marketing,Keith Gethings,kgethingsdm@webnode.com
492,Business Development,Amory Cawdron,acawdrondn@bluehost.com
493,Human Resources,Adlai Gigg,agiggdo@google.com
494,Business Development,Cindee Caddick,ccaddickdp@cmu.edu
495,Marketing,Emile Hanby,ehanbydq@multiply.com
496,Human Resources,Darla Farrant,dfarrantdr@ustream.tv
497,Engineering,Russ Pestricke,rpestrickeds@nasa.gov
498,Marketing,Jaime Freegard,jfreegarddt@aboutads.info
499,Human Resources,Barrie Sargeant,bsargeantdu@slideshare.net
500,Research and Development,Margarete Bowller,mbowllerdv@aol.com
501,Legal,Lynea Farnaby,lfarnabydw@intel.com
502,Training,Gal Simonite,gsimonitedx@so-net.ne.jp
503,Marketing,Scarface Einchcombe,seinchcombedy@chicagotribune.com
504,Marketing,Reidar Rugiero,rrugierodz@xinhuanet.com
505,Training,Willetta Sowersby,wsowersbye0@cam.ac.uk
506,Training,Margery Antrobus,mantrobuse1@foxnews.com
507,Marketing,Mirella Carpenter,mcarpentere2@pinterest.com
508,Support,Domingo Pidwell,dpidwelle3@quantcast.com
509,Engineering,Ferdie McIlhagga,fmcilhaggae4@nbcnews.com
510,Sales,Ruddy Haps,rhapse5@e-recht24.de
511,Product Management,Duky Lardner,dlardnere6@mac.com
512,Product Management,Danny Gutch,dgutche7@state.tx.us
513,Research and Development,Ibbie Oneill,ioneille8@storify.com
514,Research and Development,Uta Cookes,ucookese9@live.com
515,Business Development,Felicdad Borkett,fborkettea@163.com
516,Training,Terry de Quincey,tdeeb@scribd.com
517,Services,Jacynth McCloughen,jmccloughenec@wiley.com
518,Human Resources,Alick Mizzen,amizzened@time.com
519,Research and Development,Thorny Astbery,tastberyee@alexa.com
520,Marketing,Edmon Vowden,evowdenef@ebay.com
521,Product Management,Hubey Callaway,hcallawayeg@mayoclinic.com
522,Research and Development,Regan Brideoke,rbrideokeeh@usnews.com
523,Engineering,Bernelle Llewellen,bllewellenei@cbc.ca
524,Sales,Darell Spencock,dspencockej@tinyurl.com
525,Legal,Tristan Trowel,ttrowelek@goodreads.com
526,Research and Development,Randi Sapshed,rsapshedel@lulu.com
527,Accounting,Lowrance Drayn,ldraynem@nationalgeographic.com
528,Sales,Delmar Slides,dslidesen@cargocollective.com
529,Training,Ward Reijmers,wreijmerseo@blog.com
530,Research and Development,Perla Dashper,pdashperep@msu.edu
531,Marketing,Carr Naughton,cnaughtoneq@nbcnews.com
532,Accounting,Karissa Southway,ksouthwayer@themeforest.net
533,Legal,Blanca Rraundl,brraundles@wordpress.org
534,Training,Anastasia MacAlister,amacalisteret@digg.com
535,Marketing,Milena MacFarland,mmacfarlandeu@pen.io
536,Human Resources,Gwenora Fuente,gfuenteev@who.int
537,Business Development,Christina Smitham,csmithamew@engadget.com
538,Support,Abelard Dowe,adoweex@taobao.com
539,Services,Kerk Dewdney,kdewdneyey@mysql.com
540,Research and Development,Noah Riding,nridingez@mayoclinic.com
541,Human Resources,Sandro Barenski,sbarenskif0@gov.uk
542,Research and Development,Edee Gazzard,egazzardf1@jalbum.net
543,Human Resources,Verge Measen,vmeasenf2@myspace.com
544,Support,Whitman Snibson,wsnibsonf3@wisc.edu
545,Training,Carina Moodie,cmoodief4@umn.edu
546,Engineering,Anetta Maymand,amaymandf5@is.gd
547,Engineering,Amalee Geal,agealf6@archive.org
548,Human Resources,Coralyn Haysham,chayshamf7@livejournal.com
549,Human Resources,Sigfried Codlin,scodlinf8@plala.or.jp
550,Support,Raynell Livezey,rlivezeyf9@google.it
551,Accounting,Ethelin Lappine,elappinefa@bandcamp.com
552,Sales,Theobald Oxx,toxxfb@netvibes.com
553,Support,Granthem Leverette,gleverettefc@symantec.com
554,Support,Ariel Hartus,ahartusfd@scribd.com
555,Training,Olvan Schankelborg,oschankelborgfe@so-net.ne.jp
556,Research and Development,Anallese Blumer,ablumerff@chron.com
557,Services,Lynne Frenchum,lfrenchumfg@wunderground.com
558,Training,Ursulina Serginson,userginsonfh@macromedia.com
559,Sales,Marketa Hargess,mhargessfi@usda.gov
560,Training,Fitzgerald Bramble,fbramblefj@hubpages.com
561,Research and Development,Ema Diable,ediablefk@cdc.gov
562,Legal,Tyson Quincey,tquinceyfl@domainmarket.com
563,Marketing,Brear Sharple,bsharplefm@elegantthemes.com
564,Training,Jordana Renzini,jrenzinifn@oaic.gov.au
565,Legal,Vivi Wetwood,vwetwoodfo@geocities.com
566,Training,Reece Westney,rwestneyfp@unc.edu
567,Product Management,Kial Gent,kgentfq@independent.co.uk
568,Accounting,Babette Chrichton,bchrichtonfr@ibm.com
569,Business Development,Aurelie Gush,agushfs@reference.com
570,Marketing,Cori Lammie,clammieft@theguardian.com
571,Marketing,Birk Grimditch,bgrimditchfu@spotify.com
572,Engineering,Rossie Casbon,rcasbonfv@psu.edu
573,Services,Bertine Iggulden,bigguldenfw@amazon.co.jp
574,Research and Development,Egbert Gudgen,egudgenfx@cdbaby.com
575,Human Resources,Perice Hefford,pheffordfy@sogou.com
576,Business Development,Eben Wormell,ewormellfz@indiatimes.com
577,Business Development,Vallie Riccio,vricciog0@livejournal.com
578,Business Development,Drake Gabbotts,dgabbottsg1@altervista.org
579,Accounting,Stu Ubank,subankg2@arizona.edu
580,Business Development,Althea Kinney,akinneyg3@indiegogo.com
581,Sales,Marlene Brambell,mbrambellg4@com.com
582,Human Resources,Melitta Sandwich,msandwichg5@networksolutions.com
583,Human Resources,Kelsey Bucktrout,kbucktroutg6@mac.com
584,Sales,Sinclair Skentelbery,sskentelberyg7@about.com
585,Business Development,Archie Knappitt,aknappittg8@discuz.net
586,Sales,Harrison Royal,hroyalg9@sun.com
587,Human Resources,Clementine Grishanov,cgrishanovga@marketwatch.com
588,Sales,Winni Jacox,wjacoxgb@xrea.com
589,Sales,Candra Sturzaker,csturzakergc@cyberchimps.com
590,Human Resources,Howey Featenby,hfeatenbygd@bbb.org
591,Research and Development,Tamara Dewen,tdewenge@businessweek.com
592,Engineering,Giustino Cabell,gcabellgf@hubpages.com
593,Accounting,Dynah Smorthwaite,dsmorthwaitegg@purevolume.com
594,Support,Giavani Udy,gudygh@google.ca
595,Engineering,Mickie Hegg,mhegggi@shinystat.com
596,Business Development,Vivian Gatrill,vgatrillgj@instagram.com
597,Services,Evaleen Harniman,eharnimangk@ted.com
598,Product Management,Wendi Craighall,wcraighallgl@nyu.edu
599,Business Development,Agneta Hargate,ahargategm@stanford.edu
600,Product Management,Sarette Lind,slindgn@lycos.com
601,Legal,Bonny Jeandot,bjeandotgo@berkeley.edu
602,Product Management,Ella Seebert,eseebertgp@tripod.com
603,Business Development,Judd Lumley,jlumleygq@furl.net
604,Services,Jens Rouby,jroubygr@wired.com
605,Services,Hailey Dorin,hdorings@smh.com.au
606,Accounting,Tildie Greguoli,tgreguoligt@printfriendly.com
607,Sales,Eryn Picardo,epicardogu@tripadvisor.com
608,Sales,Sophie Belk,sbelkgv@wp.com
609,Training,Harmon Ratnage,hratnagegw@yellowbook.com
610,Product Management,Germayne Baudts,gbaudtsgx@over-blog.com
611,Support,Christel Chaimson,cchaimsongy@vimeo.com
612,Product Management,Nisse Matusson,nmatussongz@blog.com
613,Services,Selia Iori,siorih0@va.gov
614,Sales,Lauralee Scarce,lscarceh1@ebay.co.uk
615,Business Development,Helaina Walpole,hwalpoleh2@blogger.com
616,Business Development,Randee Hymers,rhymersh3@bloomberg.com
617,Support,Vonnie Barfoot,vbarfooth4@ameblo.jp
618,Legal,Klemens Fyfe,kfyfeh5@ocn.ne.jp
619,Services,Worthy Greste,wgresteh6@nymag.com
620,Services,Patric Richley,prichleyh7@sciencedaily.com
621,Sales,Helga Albers,halbersh8@usda.gov
622,Business Development,Muffin Cocks,mcocksh9@apple.com
623,Legal,Henrietta Bentje,hbentjeha@spotify.com
624,Services,Meade Burtonwood,mburtonwoodhb@facebook.com
625,Business Development,Ralina Hargess,rhargesshc@flavors.me
626,Business Development,Luci Yuranovev,lyuranovevhd@oaic.gov.au
627,Support,Alvinia Leftwich,aleftwichhe@bbc.co.uk
628,Research and Development,Davine Matushevich,dmatushevichhf@newsvine.com
629,Sales,Wilmar Regitz,wregitzhg@e-recht24.de
630,Sales,Marian Fancourt,mfancourthh@sun.com
631,Services,Carmelle Owttrim,cowttrimhi@salon.com
632,Business Development,Lindsay Creenan,lcreenanhj@phoca.cz
633,Support,Brendin Yakebovich,byakebovichhk@chron.com
634,Engineering,Brennen Galsworthy,bgalsworthyhl@foxnews.com
635,Legal,Gardy Stampe,gstampehm@shop-pro.jp
636,Services,Sonnnie Firbank,sfirbankhn@samsung.com
637,Business Development,Lawry Cutchie,lcutchieho@geocities.com
638,Sales,Binny Berge,bbergehp@weather.com
639,Services,Bay Alp,balphq@utexas.edu
640,Business Development,Betsey Trahar,btraharhr@arizona.edu
641,Legal,Monique Antunez,mantunezhs@skype.com
642,Support,Phillipe Cockson,pcocksonht@geocities.jp
643,Engineering,Fraser Tatters,ftattershu@cafepress.com
644,Business Development,Lazaro Epton,leptonhv@icq.com
645,Engineering,Elva Camerello,ecamerellohw@sciencedirect.com
646,Human Resources,Winifield Loynes,wloyneshx@stumbleupon.com
647,Product Management,Rosalinde Passingham,rpassinghamhy@webmd.com
648,Business Development,Berti Munson,bmunsonhz@is.gd
649,Business Development,Kaylyn Hallstone,khallstonei0@craigslist.org
650,Services,Hali Winkett,hwinketti1@wired.com
651,Research and Development,Maison Hemeret,mhemereti2@g.co
652,Product Management,Feliza Garnul,fgarnuli3@pinterest.com
653,Legal,Sam Burrill,sburrilli4@pcworld.com
654,Human Resources,Wolfy Andrzejak,wandrzejaki5@nytimes.com
655,Accounting,Bent Goeff,bgoeffi6@bloomberg.com
656,Product Management,Zebulen Emson,zemsoni7@phoca.cz
657,Training,Matias Tace,mtacei8@unesco.org
658,Services,Erin Balsillie,ebalsilliei9@google.cn
659,Training,Nels McKellen,nmckellenia@fema.gov
660,Legal,Lynnelle Capewell,lcapewellib@ca.gov
661,Human Resources,Cal Lishman,clishmanic@taobao.com
662,Accounting,Ulla Allberry,uallberryid@clickbank.net
663,Sales,Falito Pavlata,fpavlataie@cyberchimps.com
664,Support,Maude Ness,mnessif@pinterest.com
665,Product Management,Rahal Ashford,rashfordig@hhs.gov
666,Engineering,Karole Janaud,kjanaudih@rediff.com
667,Training,Cecilia Doyland,cdoylandii@mail.ru
668,Business Development,Avril Boken,abokenij@51.la
669,Accounting,Flinn Ansell,fansellik@ftc.gov
670,Accounting,Bryanty Suff,bsuffil@dyndns.org
671,Marketing,Claretta Cappleman,ccapplemanim@google.com.au
672,Legal,Trenna Sabatier,tsabatierin@intel.com
673,Human Resources,Robinet Kybert,rkybertio@bing.com
674,Accounting,Darice Bulfield,dbulfieldip@mac.com
675,Engineering,Devland Maier,dmaieriq@sfgate.com
676,Product Management,Gearalt Dimont,gdimontir@noaa.gov
677,Training,Cy Franzonello,cfranzonellois@eventbrite.com
678,Accounting,Sharyl Leete,sleeteit@wikispaces.com
679,Accounting,Stesha Scotchmur,sscotchmuriu@rambler.ru
680,Accounting,Chance Wadesworth,cwadesworthiv@sohu.com
681,Sales,Haze Staining,hstainingiw@cocolog-nifty.com
682,Engineering,Jacenta Stobbs,jstobbsix@bandcamp.com
683,Business Development,Rudolf Bathowe,rbathoweiy@usnews.com
684,Sales,Babette Rhead,brheadiz@fotki.com
685,Engineering,Lonni Peasnone,lpeasnonej0@yahoo.co.jp
686,Accounting,Abigale Antal,aantalj1@goo.gl
687,Accounting,Shannen Phelit,sphelitj2@dropbox.com
688,Training,Masha Bateup,mbateupj3@psu.edu
689,Services,Annette Aldam,aaldamj4@gravatar.com
690,Business Development,Rosa Elnough,relnoughj5@cbsnews.com
691,Business Development,Claresta Nolot,cnolotj6@wordpress.org
692,Accounting,Channa Surmeir,csurmeirj7@so-net.ne.jp
693,Research and Development,Hagan Brundell,hbrundellj8@mapy.cz
694,Engineering,Judie Kestell,jkestellj9@twitpic.com
695,Human Resources,Lucius Mattek,lmattekja@wordpress.org
696,Human Resources,Demeter Stormouth,dstormouthjb@prweb.com
697,Human Resources,Allard Friman,afrimanjc@whitehouse.gov
698,Human Resources,Annissa Audley,aaudleyjd@drupal.org
699,Business Development,Waylen Annand,wannandje@slideshare.net
700,Accounting,Krissie Spacie,kspaciejf@craigslist.org
701,Support,Edyth Phonix,ephonixjg@virginia.edu
702,Support,Dora Nehl,dnehljh@amazonaws.com
703,Support,Geralda Moar,gmoarji@about.com
704,Human Resources,Anabella Gaitung,agaitungjj@simplemachines.org
705,Engineering,Andre Luckwell,aluckwelljk@samsung.com
706,Sales,Murdoch Jerdein,mjerdeinjl@google.co.uk
707,Research and Development,Cariotta Harbottle,charbottlejm@1und1.de
708,Sales,Bat Headington,bheadingtonjn@columbia.edu
709,Sales,Koral Regler,kreglerjo@e-recht24.de
710,Sales,Laetitia Kees,lkeesjp@yahoo.co.jp
711,Research and Development,Modestia Demko,mdemkojq@icq.com
712,Accounting,Lissie Kensitt,lkensittjr@deviantart.com
713,Sales,Athene Huglin,ahuglinjs@free.fr
714,Research and Development,Hastings Asp,haspjt@goo.ne.jp
715,Human Resources,Silvanus Debow,sdebowju@telegraph.co.uk
716,Accounting,Birgitta D'Andrea,bdandreajv@yahoo.co.jp
717,Services,Muhammad Swindon,mswindonjw@ucoz.ru
718,Training,Malina Barnish,mbarnishjx@google.cn
719,Product Management,Tedda Arnaudi,tarnaudijy@paginegialle.it
720,Legal,Debbie Romero,dromerojz@shinystat.com
721,Product Management,Bella Nehl,bnehlk0@hugedomains.com
722,Business Development,Leighton Fearnall,lfearnallk1@elpais.com
723,Services,Harriet Fairbanks,hfairbanksk2@ucla.edu
724,Training,Jaquelyn Browne,jbrownek3@newsvine.com
725,Sales,Brittani Le Page,blek4@about.me
726,Research and Development,Arden Clayal,aclayalk5@arizona.edu
727,Engineering,Miltie Lafford,mlaffordk6@storify.com
728,Engineering,Ezra Stichall,estichallk7@ox.ac.uk
729,Product Management,Clarance Seamans,cseamansk8@latimes.com
730,Human Resources,Allissa Bools,aboolsk9@nydailynews.com
731,Support,Constanta Alexsandrov,calexsandrovka@reuters.com
732,Accounting,King Cushion,kcushionkb@dailymotion.com
733,Accounting,Panchito Halsall,phalsallkc@bandcamp.com
734,Support,Jayme Yeend,jyeendkd@addthis.com
735,Legal,Jeffy Pargeter,jpargeterke@meetup.com
736,Marketing,Jo ann Hiskey,jannkf@mapquest.com
737,Business Development,Fidelio Kubicka,fkubickakg@tiny.cc
738,Business Development,Glynn Blevin,gblevinkh@instagram.com
739,Marketing,Denys Luckes,dluckeski@umich.edu
740,Product Management,Deeanne Langland,dlanglandkj@macromedia.com
741,Services,Ringo Cauldwell,rcauldwellkk@exblog.jp
742,Marketing,Constantino Harring,charringkl@twitter.com
743,Marketing,Myrilla Buckel,mbuckelkm@soup.io
744,Sales,Nikola Rainbow,nrainbowkn@ning.com
745,Engineering,Claudine Sharer,csharerko@studiopress.com
746,Business Development,Joete Schettini,jschettinikp@un.org
747,Product Management,Illa Butter,ibutterkq@mozilla.org
748,Product Management,Pinchas Stearns,pstearnskr@phoca.cz
749,Sales,Gearard Nockells,gnockellsks@unc.edu
750,Human Resources,Vivyanne Screas,vscreaskt@stanford.edu
751,Support,Ray Dagger,rdaggerku@networkadvertising.org
752,Accounting,Malvina Spini,mspinikv@google.pl
753,Marketing,Sophia O'Kielt,sokieltkw@addtoany.com
754,Sales,Kristoforo Guillard,kguillardkx@facebook.com
755,Product Management,Vladimir Frangione,vfrangioneky@drupal.org
756,Support,Rosita Hurd,rhurdkz@smugmug.com
757,Business Development,Geneva Frammingham,gframminghaml0@bing.com
758,Engineering,Tadeo Melmar,tmelmarl1@opera.com
759,Accounting,Melina Quartly,mquartlyl2@cocolog-nifty.com
760,Training,Eldin Grundey,egrundeyl3@drupal.org
761,Engineering,Daphene Brodeau,dbrodeaul4@cocolog-nifty.com
762,Research and Development,Dannie Normadell,dnormadelll5@sphinn.com
763,Product Management,Boonie Evelyn,bevelynl6@sohu.com
764,Human Resources,Damaris Kobes,dkobesl7@arizona.edu
765,Business Development,Davy Lawrenson,dlawrensonl8@bbb.org
766,Legal,Licha Galiford,lgalifordl9@cbc.ca
767,Product Management,Pen Treat,ptreatla@mysql.com
768,Research and Development,Gill Allward,gallwardlb@vinaora.com
769,Business Development,Sterne Baxstar,sbaxstarlc@kickstarter.com
770,Engineering,Ulick Grishanin,ugrishaninld@nsw.gov.au
771,Support,Bria Lawden,blawdenle@hubpages.com
772,Product Management,Orella Covil,ocovillf@digg.com
773,Accounting,Ari Haburne,ahaburnelg@wisc.edu
774,Accounting,Sonny Dimmne,sdimmnelh@techcrunch.com
775,Training,Tamar Nansom,tnansomli@geocities.jp
776,Product Management,Bartolemo Joanaud,bjoanaudlj@weebly.com
777,Research and Development,Denise Fever,dfeverlk@oakley.com
778,Support,Charmain Heads,cheadsll@weather.com
779,Support,Arabele Jenne,ajennelm@shareasale.com
780,Support,Friedrick Battrick,fbattrickln@histats.com
781,Engineering,Berkley Fadian,bfadianlo@yahoo.com
782,Engineering,Gabriel Bernadzki,gbernadzkilp@google.de
783,Business Development,Kasey Stinchcombe,kstinchcombelq@nps.gov
784,Product Management,Dareen Gelly,dgellylr@irs.gov
785,Support,Zilvia Zealey,zzealeyls@cdc.gov
786,Research and Development,Gerhardt Housen,ghousenlt@baidu.com
787,Legal,Tadio Zaniolo,tzaniololu@nifty.com
788,Product Management,Pascal Dron,pdronlv@hao123.com
789,Sales,Aurie Murrum,amurrumlw@wunderground.com
790,Engineering,Farr Truss,ftrusslx@tinypic.com
791,Services,Bryna Patise,bpatisely@tmall.com
792,Support,Kirstyn Scurrey,kscurreylz@reddit.com
793,Support,Adrienne Kearford,akearfordm0@instagram.com
794,Engineering,Arther Doerling,adoerlingm1@cbc.ca
795,Sales,Jillian Salaman,jsalamanm2@unblog.fr
796,Services,Hillier Basnett,hbasnettm3@github.io
797,Training,Renell Krier,rkrierm4@si.edu
798,Research and Development,Demott Szymon,dszymonm5@ox.ac.uk
799,Human Resources,Padraig Amberger,pambergerm6@chronoengine.com
800,Legal,Malia Firman,mfirmanm7@chronoengine.com
801,Research and Development,Sergent Sabey,ssabeym8@dailymotion.com
802,Product Management,Zahara Tribbeck,ztribbeckm9@elpais.com
803,Human Resources,Sonnie Aymes,saymesma@nba.com
804,Sales,Geoffry Jellis,gjellismb@zimbio.com
805,Marketing,Tabbie Witter,twittermc@blogtalkradio.com
806,Support,Benji Switland,bswitlandmd@howstuffworks.com
807,Accounting,Eleanore Schaumann,eschaumannme@usnews.com
808,Accounting,Sanderson Copcott,scopcottmf@yahoo.com
809,Marketing,Stacy Crosby,scrosbymg@slashdot.org
810,Sales,Clarance Scotford,cscotfordmh@google.it
811,Business Development,Ameline Marzelle,amarzellemi@dyndns.org
812,Engineering,Barbette Knowlton,bknowltonmj@ameblo.jp
813,Accounting,Marla Barbey,mbarbeymk@smh.com.au
814,Accounting,Johann Reijmers,jreijmersml@fema.gov
815,Sales,Jsandye Pilbury,jpilburymm@dmoz.org
816,Services,Conan Pollitt,cpollittmn@umich.edu
817,Human Resources,Petra Moncaster,pmoncastermo@ox.ac.uk
818,Sales,Nolana Tweed,ntweedmp@photobucket.com
819,Product Management,Bree Harrell,bharrellmq@icio.us
820,Training,Kelcie Jalland,kjallandmr@patch.com
821,Legal,Constantin Gibbings,cgibbingsms@deliciousdays.com
822,Human Resources,Hardy Butterley,hbutterleymt@etsy.com
823,Legal,Eli Ratcliffe,eratcliffemu@hostgator.com
824,Business Development,Coralyn Belone,cbelonemv@cbsnews.com
825,Accounting,Vanya Grzelewski,vgrzelewskimw@zimbio.com
826,Engineering,Gregorio Dixcey,gdixceymx@mashable.com
827,Product Management,Jackie Line,jlinemy@si.edu
828,Services,Lek Ahmad,lahmadmz@un.org
829,Sales,Frayda Blabber,fblabbern0@vistaprint.com
830,Marketing,Hammad Marrow,hmarrown1@reuters.com
831,Support,Zuzana Duffer,zduffern2@naver.com
832,Services,Coretta Duley,cduleyn3@thetimes.co.uk
833,Human Resources,Adina Buckthorp,abuckthorpn4@cornell.edu
834,Sales,Elwyn Poole,epoolen5@slashdot.org
835,Product Management,Whitman Greenard,wgreenardn6@deliciousdays.com
836,Engineering,Gerri Batterham,gbatterhamn7@deliciousdays.com
837,Marketing,Ivy Cracker,icrackern8@eventbrite.com
838,Product Management,Cyrille Winchurst,cwinchurstn9@tinyurl.com
839,Legal,Delmor Jansema,djansemana@delicious.com
840,Research and Development,Samantha Searl,ssearlnb@pcworld.com
841,Sales,Raddy Abrahamsson,rabrahamssonnc@sun.com
842,Services,Fitzgerald Wolver,fwolvernd@github.io
843,Support,Melvin Haselwood,mhaselwoodne@bandcamp.com
844,Business Development,Hussein Lynds,hlyndsnf@360.cn
845,Business Development,Pryce Voce,pvoceng@scientificamerican.com
846,Business Development,Beilul Thirtle,bthirtlenh@google.nl
847,Legal,Bev Chappel,bchappelni@chronoengine.com
848,Marketing,Britni Gallifont,bgallifontnj@ihg.com
849,Support,Rudolfo Itzhaiek,ritzhaieknk@dell.com
850,Business Development,Dunc Clausewitz,dclausewitznl@psu.edu
851,Human Resources,Allan Thal,athalnm@upenn.edu
852,Marketing,Glennie Lines,glinesnn@free.fr
853,Legal,Wilhelmina Shivlin,wshivlinno@oracle.com
854,Training,Loralyn Tulley,ltulleynp@newyorker.com
855,Research and Development,Geoff Peppin,gpeppinnq@mit.edu
856,Marketing,Abe Physick,aphysicknr@go.com
857,Legal,Deva Tetley,dtetleyns@auda.org.au
858,Services,Gregory Cutridge,gcutridgent@nbcnews.com
859,Accounting,Thaxter Coldman,tcoldmannu@angelfire.com
860,Services,Cathrine Janney,cjanneynv@miitbeian.gov.cn
861,Product Management,Stace Grunwald,sgrunwaldnw@si.edu
862,Human Resources,Fayth Mountfort,fmountfortnx@fastcompany.com
863,Sales,Starla Prettyjohn,sprettyjohnny@surveymonkey.com
864,Human Resources,Donavon Brasted,dbrastednz@dropbox.com
865,Product Management,Deeanne Flacknoe,dflacknoeo0@sohu.com
866,Marketing,Ewen Gian,egiano1@51.la
867,Support,Rodie Sander,rsandero2@slideshare.net
868,Engineering,Darb Lapidus,dlapiduso3@whitehouse.gov
869,Services,Morgan Jiggins,mjigginso4@usgs.gov
870,Business Development,Paloma Quadri,pquadrio5@ask.com
871,Services,Deedee Heliet,dhelieto6@goodreads.com
872,Training,Glennis Jerke,gjerkeo7@ezinearticles.com
873,Sales,Dasi Stormonth,dstormontho8@pinterest.com
874,Business Development,Tristan McMeeking,tmcmeekingo9@forbes.com
875,Sales,Sadye Airth,sairthoa@addtoany.com
876,Human Resources,Normand Lilliman,nlillimanob@nature.com
877,Sales,Hansiain Gyenes,hgyenesoc@networkadvertising.org
878,Support,Renado Waterland,rwaterlandod@reverbnation.com
879,Legal,Howie Poon,hpoonoe@samsung.com
880,Training,Derrick Bambrugh,dbambrughof@free.fr
881,Training,Manolo Knapton,mknaptonog@fema.gov
882,Services,Alika Illes,aillesoh@blogger.com
883,Human Resources,Haily Gostage,hgostageoi@digg.com
884,Legal,Aggie Baythrop,abaythropoj@google.pl
885,Accounting,Georg Brimley,gbrimleyok@theatlantic.com
886,Accounting,Cody Matejovsky,cmatejovskyol@google.pl
887,Engineering,Milo Jarvie,mjarvieom@mayoclinic.com
888,Human Resources,Chaddy Tow,ctowon@reference.com
889,Human Resources,Beryl Grafham,bgrafhamoo@networkadvertising.org
890,Training,Trudi Olesen,tolesenop@shareasale.com
891,Marketing,Gardener MacNockater,gmacnockateroq@theguardian.com
892,Training,Hortensia Machen,hmachenor@paypal.com
893,Training,Vlad Rosier,vrosieros@dot.gov
894,Services,Elli Shieldon,eshieldonot@baidu.com
895,Support,Shannon Capron,scapronou@netlog.com
896,Business Development,Maggie Rugiero,mrugieroov@parallels.com
897,Support,Gustaf Sokell,gsokellow@discovery.com
898,Business Development,Nestor Caesmans,ncaesmansox@earthlink.net
899,Product Management,Ring Showl,rshowloy@dagondesign.com
900,Product Management,Curt Tall,ctalloz@mapquest.com
901,Support,Nollie Derrett,nderrettp0@comcast.net
902,Engineering,Urson Wither,uwitherp1@lulu.com
903,Support,Imogene Yandell,iyandellp2@yellowbook.com
904,Support,Kent Meier,kmeierp3@ebay.co.uk
905,Sales,Ashil Birtles,abirtlesp4@artisteer.com
906,Sales,Rowney Twyford,rtwyfordp5@dagondesign.com
907,Support,Mathew Emlen,memlenp6@nymag.com
908,Sales,Corny O'Boyle,coboylep7@deliciousdays.com
909,Product Management,Chelsy MacLeese,cmacleesep8@sciencedirect.com
910,Business Development,Nahum Hanigan,nhaniganp9@techcrunch.com
911,Training,Florrie Brundle,fbrundlepa@jugem.jp
912,Marketing,Antonie MacConnell,amacconnellpb@thetimes.co.uk
913,Engineering,Cati Fumagallo,cfumagallopc@flickr.com
914,Engineering,Russell De Caville,rdepd@china.com.cn
915,Sales,Orelee Waymont,owaymontpe@fc2.com
916,Accounting,Terri Simcock,tsimcockpf@usda.gov
917,Engineering,Olenka Leah,oleahpg@ucoz.com
918,Research and Development,Calvin Petrushkevich,cpetrushkevichph@elpais.com
919,Human Resources,Rana Cottage,rcottagepi@merriam-webster.com
920,Accounting,Damiano Beeby,dbeebypj@independent.co.uk
921,Sales,Reinaldo Castletine,rcastletinepk@twitpic.com
922,Marketing,Wernher Watford,wwatfordpl@ucsd.edu
923,Accounting,Noreen Dudding,nduddingpm@fda.gov
924,Marketing,Dane Crevy,dcrevypn@pcworld.com
925,Services,Nydia Dressell,ndressellpo@hc360.com
926,Legal,Petronella Durman,pdurmanpp@forbes.com
927,Human Resources,Regen Finlaison,rfinlaisonpq@sina.com.cn
928,Training,Carlos Scopyn,cscopynpr@qq.com
929,Research and Development,Natka Egre,negreps@bluehost.com
930,Business Development,Noak Strutton,nstruttonpt@mac.com
931,Sales,Astrid Glass,aglasspu@miibeian.gov.cn
932,Training,Darby Pickover,dpickoverpv@google.com
933,Services,Lyn Dunsmore,ldunsmorepw@kickstarter.com
934,Marketing,Nalani Torre,ntorrepx@zimbio.com
935,Legal,Laurette Noli,lnolipy@cyberchimps.com
936,Support,Elena Noteyoung,enoteyoungpz@devhub.com
937,Product Management,Tobias Duddin,tduddinq0@craigslist.org
938,Services,Ketty Ridolfi,kridolfiq1@wikipedia.org
939,Product Management,Dacie Voisey,dvoiseyq2@addtoany.com
940,Human Resources,Hillie Wort,hwortq3@ask.com
941,Accounting,Verla Kettlestringes,vkettlestringesq4@github.com
942,Engineering,Jamil Doohey,jdooheyq5@usatoday.com
943,Services,Vale Grollmann,vgrollmannq6@dagondesign.com
944,Support,Morten Laurentin,mlaurentinq7@answers.com
945,Services,Delcina Folley,dfolleyq8@msu.edu
946,Accounting,Lina Treby,ltrebyq9@weibo.com
947,Legal,Philip Wooldridge,pwooldridgeqa@scientificamerican.com
948,Sales,Aurelea Sharples,asharplesqb@360.cn
949,Support,Jerrold Burmaster,jburmasterqc@google.cn
950,Services,Stevie Lorkins,slorkinsqd@accuweather.com
951,Training,Alys Browne,abrowneqe@geocities.com
952,Training,Addi Older,aolderqf@vistaprint.com
953,Human Resources,Joline Sopp,jsoppqg@linkedin.com
954,Services,Roddie McCane,rmccaneqh@abc.net.au
955,Product Management,Ricky Gallemore,rgallemoreqi@usda.gov
956,Human Resources,Gregoire Soanes,gsoanesqj@rakuten.co.jp
957,Services,Herman Casburn,hcasburnqk@java.com
958,Human Resources,Koo MacIlhargy,kmacilhargyql@gizmodo.com
959,Engineering,Brittni Masser,bmasserqm@pbs.org
960,Services,Lenka Asel,laselqn@people.com.cn
961,Business Development,Byrom Blacksland,bblackslandqo@epa.gov
962,Human Resources,Andrew Howsin,ahowsinqp@deliciousdays.com
963,Support,Richard Spykings,rspykingsqq@wikimedia.org
964,Legal,Jeramie Fawcett,jfawcettqr@soup.io
965,Business Development,Cece Barnes,cbarnesqs@answers.com
966,Human Resources,Chickie Gerant,cgerantqt@wunderground.com
967,Support,Killie Guillou,kguillouqu@histats.com
968,Marketing,Pyotr Braferton,pbrafertonqv@yahoo.co.jp
969,Human Resources,Vaughn Lansberry,vlansberryqw@privacy.gov.au
970,Services,Janice Bettis,jbettisqx@slideshare.net
971,Research and Development,Mortimer Heading,mheadingqy@blinklist.com
972,Training,Quentin Trusty,qtrustyqz@dell.com
973,Human Resources,Katinka Shanklin,kshanklinr0@free.fr
974,Business Development,Selena Bustard,sbustardr1@google.de
975,Accounting,Tedda Benez,tbenezr2@is.gd
976,Research and Development,Hakim Lugsdin,hlugsdinr3@webnode.com
977,Engineering,Dorie Skeete,dskeeter4@homestead.com
978,Research and Development,Chere Kobieriecki,ckobierieckir5@hc360.com
979,Product Management,Salim Moulsdall,smoulsdallr6@cloudflare.com
980,Human Resources,Oralla Gerin,ogerinr7@constantcontact.com
981,Marketing,Emmerich Gelling,egellingr8@psu.edu
982,Training,Hermione Anstie,hanstier9@hexun.com
983,Research and Development,Ilka Gavigan,igaviganra@stumbleupon.com
984,Accounting,Ginevra Scholar,gscholarrb@bing.com
985,Support,Candra Husk,chuskrc@umn.edu
986,Services,Emilee Peterffy,epeterffyrd@pen.io
987,Services,Robinett Eblein,rebleinre@mediafire.com
988,Training,Trever Beyer,tbeyerrf@cnet.com
989,Legal,Toiboid Crosser,tcrosserrg@digg.com
990,Legal,Maryjane Vreede,mvreederh@state.tx.us
991,Human Resources,Wernher Ecles,weclesri@dropbox.com
992,Sales,Melisandra Vane,mvanerj@sciencedirect.com
993,Human Resources,Normy Fenelow,nfenelowrk@addthis.com
994,Human Resources,Elie Simms,esimmsrl@sfgate.com
995,Training,Kaycee Millom,kmillomrm@networksolutions.com
996,Engineering,Zulema Eldershaw,zeldershawrn@blog.com
997,Research and Development,Rhiamon Geldard,rgeldardro@ted.com
998,Marketing,Rab Sergant,rsergantrp@artisteer.com
999,Research and Development,Dorelle MacVagh,dmacvaghrq@bravesites.com
1000,Support,Elvira Bucham,ebuchamrr@jigsy.com
